away_avg_corners,away_avg_fouls,away_avg_goals_conceded,away_avg_goals_scored,away_avg_pass_accuracy,away_avg_possession,away_avg_red_cards,away_avg_shots,away_avg_shots_on_target,away_avg_yellow_cards,away_draw_percentage,away_form_summary,away_loss_percentage,away_matches_analyzed,away_recent_match_1_date,away_recent_match_1_opponent,away_recent_match_1_result,away_recent_match_1_score,away_recent_match_2_date,away_recent_match_2_opponent,away_recent_match_2_result,away_recent_match_2_score,away_recent_match_3_date,away_recent_match_3_opponent,away_recent_match_3_result,away_recent_match_3_score,away_team,away_win_percentage,draw_probability,fixture_id,home_avg_corners,home_avg_fouls,home_avg_goals_conceded,home_avg_goals_scored,home_avg_pass_accuracy,home_avg_possession,home_avg_red_cards,home_avg_shots,home_avg_shots_on_target,home_avg_yellow_cards,home_draw_percentage,home_form_summary,home_loss_percentage,home_matches_analyzed,home_recent_match_1_date,home_recent_match_1_opponent,home_recent_match_1_result,home_recent_match_1_score,home_recent_match_2_date,home_recent_match_2_opponent,home_recent_match_2_result,home_recent_match_2_score,home_recent_match_3_date,home_recent_match_3_opponent,home_recent_match_3_result,home_recent_match_3_score,home_team,home_win_percentage,is_home,league,loss_probability,match_date,opponent_name,status,team_name,win_probability
,,,,,,,,,,,,,,,,,,,,,,,,,,Betis,,10.0,0,8.15,11.88,2.42,2.56,88.98,45.0,0.14,17.05,6.14,2.18,40.0,WWWDD,0.0,7,2025-05-14,Royal Rovers,D,1-1,2025-05-13,East United,D,1-1,2025-05-12,North Wanderers,D,1-1,Rayo Vallecano,60.0,True,La Liga,36.33,2025-05-15,Betis,nan,Rayo Vallecano,53.67
4.3,11.26,1.42,1.7,87.02,50.33,0.05,14.43,4.12,1.34,60.0,DLDDL,40.0,7,2025-05-14,West County,D,1-1,2025-05-13,West Rangers,L,0-1,2025-05-12,South City,D,0-0,Betis,0.0,10.0,0,,,,,,,,,,,,,,,,,,,,,,,,,,,Rayo Vallecano,,False,La Liga,53.67,2025-05-15,Rayo Vallecano,nan,Betis,36.33
,,,,,,,,,,,,,,,,,,,,,,,,,,Atlético Madrid,,10.0,1,7.06,12.77,1.78,2.39,90.0,49.04,0.11,15.61,5.08,1.97,0.0,WLLWW,40.0,7,2025-05-14,South Albion,D,1-1,2025-05-13,South Rangers,D,1-1,2025-05-12,Central Athletic,D,1-1,Osasuna,60.0,True,La Liga,38.87,2025-05-15,Atlético Madrid,nan,Osasuna,51.13
6.66,9.82,2.0,2.14,82.48,51.61,0.12,14.7,4.45,1.61,0.0,LLWWW,40.0,7,2025-05-14,East City,D,1-1,2025-05-13,North Wanderers,D,1-1,2025-05-12,West Town,D,1-1,Atlético Madrid,60.0,10.0,1,,,,,,,,,,,,,,,,,,,,,,,,,,,Osasuna,,False,La Liga,51.13,2025-05-15,Osasuna,nan,Atlético Madrid,38.87
,,,,,,,,,,,,,,,,,,,,,,,,,,Athletic Club,,10.0,2,5.13,9.16,1.62,2.77,86.01,45.95,0.09,14.43,4.28,1.55,20.0,LDLWL,60.0,7,2025-05-14,West Rangers,D,1-1,2025-05-13,East Rangers,D,1-1,2025-05-12,Metropolitan Albion,D,1-1,Getafe,20.0,True,La Liga,40.55,2025-05-15,Athletic Club,nan,Getafe,49.45
5.29,8.0,1.15,1.65,76.76,38.9,0.05,14.79,3.97,1.48,0.0,LWWWL,40.0,7,2025-05-14,West Rangers,D,0-0,2025-05-13,Metropolitan Wanderers,L,0-1,2025-05-12,Metropolitan United,W,1-0,Athletic Club,60.0,10.0,2,,,,,,,,,,,,,,,,,,,,,,,,,,,Getafe,,False,La Liga,49.45,2025-05-15,Getafe,nan,Athletic Club,40.55
,,,,,,,,,,,,,,,,,,,,,,,,,,Barcelona,,10.0,3,8.03,14.72,1.96,3.0,75.15,70.0,0.16,20.0,6.88,2.06,40.0,WWDDW,0.0,7,2025-05-14,Royal City,D,1-1,2025-05-13,Royal Albion,D,1-1,2025-05-12,East Albion,D,1-1,Espanyol,60.0,True,La Liga,39.99,2025-05-15,Barcelona,nan,Espanyol,50.01
8.33,12.22,2.53,2.64,81.83,51.72,0.14,19.65,6.03,1.78,0.0,WWWWW,0.0,7,2025-05-14,Central Athletic,D,1-1,2025-05-13,West City,D,1-1,2025-05-12,Metropolitan FC,D,1-1,Barcelona,100.0,10.0,3,,,,,,,,,,,,,,,,,,,,,,,,,,,Espanyol,,False,La Liga,50.01,2025-05-15,Espanyol,nan,Barcelona,39.99
,,,,,,,,,,,,,,,,,,,,,,,,,,Tottenham,,10.0,4,5.35,10.16,1.08,2.06,70.28,43.21,0.04,14.73,3.73,1.56,20.0,WWLDW,20.0,7,2025-05-14,South Athletic,L,0-1,2025-05-13,East FC,D,0-0,2025-05-12,Central Albion,D,0-0,Aston Villa,60.0,True,Premier League,39.07,2025-05-16,Tottenham,nan,Aston Villa,50.93
6.37,8.2,1.53,2.51,80.41,49.36,0.08,12.02,4.95,1.77,0.0,LWLWL,60.0,7,2025-05-14,South City,L,0-1,2025-05-13,East County,L,0-1,2025-05-12,West Rangers,D,1-1,Tottenham,40.0,10.0,4,,,,,,,,,,,,,,,,,,,,,,,,,,,Aston Villa,,False,Premier League,50.93,2025-05-16,Aston Villa,nan,Tottenham,39.07
,,,,,,,,,,,,,,,,,,,,,,,,,,Manchester Utd,,10.0,5,5.5,10.04,1.74,2.7,85.99,50.68,0.12,15.37,4.99,1.53,40.0,WLLDD,40.0,7,2025-05-14,Royal Wanderers,D,1-1,2025-05-13,Metropolitan Albion,D,1-1,2025-05-12,West Wanderers,D,1-1,Chelsea,20.0,True,Premier League,37.48,2025-05-16,Manchester Utd,nan,Chelsea,52.52
7.45,10.96,1.83,2.6,70.33,45.6,0.1,12.65,5.56,1.94,40.0,DLDLL,60.0,7,2025-05-14,Royal Rovers,D,1-1,2025-05-13,East City,D,1-1,2025-05-12,West Wanderers,W,1-0,Manchester Utd,0.0,10.0,5,,,,,,,,,,,,,,,,,,,,,,,,,,,Chelsea,,False,Premier League,52.52,2025-05-16,Chelsea,nan,Manchester Utd,37.48
,,,,,,,,,,,,,,,,,,,,,,,,,,Eint Frankfurt,,10.0,6,5.3,9.89,1.8,2.74,83.9,63.08,0.1,15.98,6.15,1.62,0.0,LLLWW,60.0,7,2025-05-14,Central City,D,1-1,2025-05-13,North United,D,1-1,2025-05-12,West Rovers,W,1-0,Freiburg,40.0,True,Bundesliga,38.37,2025-05-17,Eint Frankfurt,nan,Freiburg,51.63
4.53,9.83,1.88,2.12,90.0,54.57,0.09,16.13,4.65,1.45,0.0,LWWLL,60.0,7,2025-05-14,Metropolitan Albion,D,1-1,2025-05-13,Central Rovers,D,1-1,2025-05-12,Royal City,W,1-0,Eint Frankfurt,40.0,10.0,6,,,,,,,,,,,,,,,,,,,,,,,,,,,Freiburg,,False,Bundesliga,51.63,2025-05-17,Freiburg,nan,Eint Frankfurt,38.37
,,,,,,,,,,,,,,,,,,,,,,,,,,Bochum,,10.0,7,6.38,8.69,1.47,2.46,77.12,56.92,0.08,14.77,5.58,1.97,20.0,WDWWL,20.0,7,2025-05-14,East Rovers,L,0-1,2025-05-13,Central Athletic,D,1-1,2025-05-12,Metropolitan County,D,1-1,St. Pauli,60.0,True,Bundesliga,37.77,2025-05-17,Bochum,nan,St. Pauli,52.23
4.62,9.29,1.39,1.96,85.21,47.85,0.03,10.74,3.6,1.22,40.0,LWDWD,20.0,7,2025-05-14,Central Athletic,L,0-1,2025-05-13,East Albion,L,0-1,2025-05-12,South Albion,W,1-0,Bochum,40.0,10.0,7,,,,,,,,,,,,,,,,,,,,,,,,,,,St. Pauli,,False,Bundesliga,52.23,2025-05-17,St. Pauli,nan,Bochum,37.77
,,,,,,,,,,,,,,,,,,,,,,,,,,Holstein Kiel,,10.0,8,5.33,9.78,1.86,1.87,77.66,57.25,0.08,14.99,4.32,1.77,0.0,WWLLW,40.0,7,2025-05-14,East Rangers,L,0-1,2025-05-13,East Albion,L,0-1,2025-05-12,West Albion,W,1-0,Dortmund,60.0,True,Bundesliga,38.44,2025-05-17,Holstein Kiel,nan,Dortmund,51.56
6.78,9.18,1.75,2.51,81.72,47.73,0.11,12.84,4.92,1.48,40.0,DWLLD,40.0,7,2025-05-14,North Town,D,1-1,2025-05-13,Metropolitan United,L,0-1,2025-05-12,Central Town,D,1-1,Holstein Kiel,20.0,10.0,8,,,,,,,,,,,,,,,,,,,,,,,,,,,Dortmund,,False,Bundesliga,51.56,2025-05-17,Dortmund,nan,Holstein Kiel,38.44
,,,,,,,,,,,,,,,,,,,,,,,,,,Werder Bremen,,10.0,9,4.22,8.5,1.12,2.04,78.65,42.63,0.02,10.04,3.48,1.44,0.0,LWWLL,60.0,7,2025-05-14,West Rangers,L,0-1,2025-05-13,South Wanderers,D,0-0,2025-05-12,East Athletic,D,0-0,Heidenheim,40.0,True,Bundesliga,38.52,2025-05-17,Werder Bremen,nan,Heidenheim,51.48
5.59,10.48,1.31,2.3,66.15,47.03,0.06,12.34,4.77,1.5,20.0,LLLDW,60.0,7,2025-05-14,Royal Rangers,L,0-1,2025-05-13,Royal Athletic,L,0-1,2025-05-12,South FC,W,1-0,Werder Bremen,20.0,10.0,9,,,,,,,,,,,,,,,,,,,,,,,,,,,Heidenheim,,False,Bundesliga,51.48,2025-05-17,Heidenheim,nan,Werder Bremen,38.52
,,,,,,,,,,,,,,,,,,,,,,,,,,Stuttgart,,10.0,10,7.34,10.79,2.59,3.0,88.38,49.41,0.16,17.42,7.25,2.43,40.0,DWDWL,20.0,7,2025-05-14,Central Albion,D,1-1,2025-05-13,Royal Town,D,1-1,2025-05-12,Central FC,D,1-1,RB Leipzig,40.0,True,Bundesliga,39.45,2025-05-17,Stuttgart,nan,RB Leipzig,50.55
4.6,10.29,1.74,2.66,87.57,49.03,0.09,11.75,5.4,1.74,40.0,LDLDW,40.0,7,2025-05-14,East County,L,0-1,2025-05-13,Metropolitan Town,D,1-1,2025-05-12,Royal Rovers,W,1-0,Stuttgart,20.0,10.0,10,,,,,,,,,,,,,,,,,,,,,,,,,,,RB Leipzig,,False,Bundesliga,50.55,2025-05-17,RB Leipzig,nan,Stuttgart,39.45
,,,,,,,,,,,,,,,,,,,,,,,,,,Union Berlin,,10.0,11,6.06,11.62,2.09,2.54,81.34,49.26,0.16,17.87,6.84,1.86,0.0,LWLWW,40.0,7,2025-05-14,Metropolitan Wanderers,D,1-1,2025-05-13,West County,D,1-1,2025-05-12,North FC,D,1-1,Augsburg,60.0,True,Bundesliga,39.62,2025-05-17,Union Berlin,nan,Augsburg,50.38
8.1,10.16,2.49,2.69,90.0,51.38,0.16,18.61,6.57,2.06,20.0,WWDWL,20.0,7,2025-05-14,West City,D,1-1,2025-05-13,West Rovers,D,1-1,2025-05-12,West Rangers,D,1-1,Union Berlin,60.0,10.0,11,,,,,,,,,,,,,,,,,,,,,,,,,,,Augsburg,,False,Bundesliga,50.38,2025-05-17,Augsburg,nan,Union Berlin,39.62
,,,,,,,,,,,,,,,,,,,,,,,,,,Wolfsburg,,10.0,12,5.02,8.94,1.79,2.14,76.64,48.15,0.09,16.26,4.83,1.76,20.0,DLWWW,20.0,7,2025-05-14,East United,D,1-1,2025-05-13,North County,D,1-1,2025-05-12,East City,W,1-0,Gladbach,60.0,True,Bundesliga,40.32,2025-05-17,Wolfsburg,nan,Gladbach,49.68
5.4,8.11,1.71,2.27,86.35,46.47,0.05,13.17,4.34,1.27,40.0,WWDDW,0.0,7,2025-05-14,Metropolitan Wanderers,L,0-1,2025-05-13,West Wanderers,D,1-1,2025-05-12,Metropolitan FC,D,0-0,Wolfsburg,60.0,10.0,12,,,,,,,,,,,,,,,,,,,,,,,,,,,Gladbach,,False,Bundesliga,49.68,2025-05-17,Gladbach,nan,Wolfsburg,40.32
,,,,,,,,,,,,,,,,,,,,,,,,,,Bayern Munich,,10.0,13,5.86,10.39,2.08,2.56,87.33,54.4,0.13,18.65,6.04,1.95,0.0,WWWWL,20.0,7,2025-05-14,South Athletic,D,1-1,2025-05-13,West Rangers,D,1-1,2025-05-12,West United,D,1-1,Hoffenheim,80.0,True,Bundesliga,33.45,2025-05-17,Bayern Munich,nan,Hoffenheim,56.55
4.91,9.64,1.03,1.36,65.69,39.13,0.02,13.04,3.93,1.1,60.0,DLDLD,40.0,7,2025-05-14,Central Albion,D,0-0,2025-05-13,North FC,D,0-0,2025-05-12,South Albion,D,0-0,Bayern Munich,0.0,10.0,13,,,,,,,,,,,,,,,,,,,,,,,,,,,Hoffenheim,,False,Bundesliga,56.55,2025-05-17,Hoffenheim,nan,Bayern Munich,33.45
,,,,,,,,,,,,,,,,,,,,,,,,,,Leverkusen,,10.0,14,6.65,13.9,2.5,2.43,88.83,59.36,0.16,19.89,6.33,2.06,20.0,DLWWW,20.0,7,2025-05-14,Royal Albion,D,1-1,2025-05-13,Royal Town,D,1-1,2025-05-12,Central FC,D,1-1,Mainz 05,60.0,True,Bundesliga,38.5,2025-05-17,Leverkusen,nan,Mainz 05,51.5
6.83,11.45,1.92,2.29,69.36,48.84,0.12,14.4,5.81,1.71,40.0,DLWWD,20.0,7,2025-05-14,Central Athletic,D,1-1,2025-05-13,Royal United,D,1-1,2025-05-12,North Wanderers,D,1-1,Leverkusen,40.0,10.0,14,,,,,,,,,,,,,,,,,,,,,,,,,,,Mainz 05,,False,Bundesliga,51.5,2025-05-17,Mainz 05,nan,Leverkusen,38.5
,,,,,,,,,,,,,,,,,,,,,,,,,,Toulouse,,10.0,15,5.01,9.34,2.17,2.53,90.0,50.31,0.11,16.69,5.83,1.64,20.0,LWDWW,20.0,7,2025-05-14,Metropolitan County,D,1-1,2025-05-13,North Athletic,D,1-1,2025-05-12,West Rangers,D,1-1,Saint-Étienne,60.0,True,Ligue 1,38.09,2025-05-17,Toulouse,nan,Saint-Étienne,51.91
6.05,8.15,1.17,2.28,67.99,47.42,0.06,11.75,3.64,1.59,40.0,LLWDD,40.0,7,2025-05-14,Metropolitan City,L,0-1,2025-05-13,Royal Albion,L,0-1,2025-05-12,East Wanderers,D,0-0,Toulouse,20.0,10.0,15,,,,,,,,,,,,,,,,,,,,,,,,,,,Saint-Étienne,,False,Ligue 1,51.91,2025-05-17,Saint-Étienne,nan,Toulouse,38.09
,,,,,,,,,,,,,,,,,,,,,,,,,,Auxerre,,10.0,16,4.79,10.42,1.37,1.54,84.53,39.27,0.04,12.15,3.9,1.54,40.0,LDWLD,40.0,7,2025-05-14,South Rovers,D,0-0,2025-05-13,Central Town,L,0-1,2025-05-12,Central Town,D,0-0,Paris S-G,20.0,True,Ligue 1,41.84,2025-05-17,Auxerre,nan,Paris S-G,48.16
4.06,8.0,1.04,1.65,81.31,37.8,0.02,10.82,4.12,1.16,0.0,LLWWL,60.0,7,2025-05-14,Metropolitan Rovers,D,0-0,2025-05-13,West FC,L,0-1,2025-05-12,East Albion,D,0-0,Auxerre,40.0,10.0,16,,,,,,,,,,,,,,,,,,,,,,,,,,,Paris S-G,,False,Ligue 1,48.16,2025-05-17,Paris S-G,nan,Auxerre,41.84
,,,,,,,,,,,,,,,,,,,,,,,,,,Angers,,10.0,17,4.29,8.0,0.95,1.75,65.0,41.91,0.03,13.86,3.93,1.38,0.0,LWLWL,60.0,7,2025-05-14,Metropolitan Rovers,D,0-0,2025-05-13,Royal Wanderers,D,0-0,2025-05-12,South Athletic,D,0-0,Lyon,40.0,True,Ligue 1,38.65,2025-05-17,Angers,nan,Lyon,51.35
3.5,9.73,1.08,1.75,85.8,38.26,0.02,14.39,3.3,1.37,20.0,WLLLD,60.0,7,2025-05-14,Metropolitan Athletic,D,0-0,2025-05-13,Metropolitan Albion,D,0-0,2025-05-12,Royal Rangers,D,0-0,Angers,20.0,10.0,17,,,,,,,,,,,,,,,,,,,,,,,,,,,Lyon,,False,Ligue 1,51.35,2025-05-17,Lyon,nan,Angers,38.65
,,,,,,,,,,,,,,,,,,,,,,,,,,Le Havre,,10.0,18,7.87,13.49,1.93,3.0,89.28,58.91,0.12,15.16,4.64,2.03,40.0,LLWDD,40.0,7,2025-05-14,Central Albion,D,1-1,2025-05-13,Metropolitan Wanderers,D,1-1,2025-05-12,North Wanderers,D,1-1,Strasbourg,20.0,True,Ligue 1,39.93,2025-05-17,Le Havre,nan,Strasbourg,50.07
5.31,11.49,1.69,1.87,78.15,48.18,0.06,12.66,4.95,1.41,20.0,WLWWD,20.0,7,2025-05-14,South FC,D,1-1,2025-05-13,Central City,L,0-1,2025-05-12,South Athletic,W,1-0,Le Havre,60.0,10.0,18,,,,,,,,,,,,,,,,,,,,,,,,,,,Strasbourg,,False,Ligue 1,50.07,2025-05-17,Strasbourg,nan,Le Havre,39.93
,,,,,,,,,,,,,,,,,,,,,,,,,,Monaco,,10.0,19,5.26,8.91,1.47,2.14,72.19,47.68,0.04,11.18,3.61,1.28,0.0,LWLWL,60.0,7,2025-05-14,West Rangers,L,0-1,2025-05-13,West City,L,0-1,2025-05-12,South City,D,0-0,Lens,40.0,True,Ligue 1,41.87,2025-05-17,Monaco,nan,Lens,48.13
5.02,8.97,1.54,2.49,89.71,47.5,0.08,13.25,4.23,1.95,0.0,WWWLL,40.0,7,2025-05-14,North Athletic,D,1-1,2025-05-13,Metropolitan Rangers,L,0-1,2025-05-12,East Town,W,1-0,Monaco,60.0,10.0,19,,,,,,,,,,,,,,,,,,,,,,,,,,,Lens,,False,Ligue 1,48.13,2025-05-17,Lens,nan,Monaco,41.87
,,,,,,,,,,,,,,,,,,,,,,,,,,Rennes,,10.0,20,5.64,10.4,1.58,2.34,80.87,53.72,0.07,17.04,4.87,1.91,0.0,WWWWL,20.0,7,2025-05-14,North City,D,1-1,2025-05-13,Metropolitan County,D,1-1,2025-05-12,East Albion,W,1-0,Marseille,80.0,True,Ligue 1,38.28,2025-05-17,Rennes,nan,Marseille,51.72
8.88,14.83,2.25,3.0,90.0,69.4,0.19,20.0,6.01,2.19,40.0,DLWDW,20.0,7,2025-05-14,West Town,D,1-1,2025-05-13,East United,D,1-1,2025-05-12,Central Town,D,1-1,Rennes,40.0,10.0,20,,,,,,,,,,,,,,,,,,,,,,,,,,,Marseille,,False,Ligue 1,51.72,2025-05-17,Marseille,nan,Rennes,38.28
,,,,,,,,,,,,,,,,,,,,,,,,,,Montpellier,,10.0,21,4.25,9.04,1.61,2.33,78.13,37.2,0.06,14.48,4.74,1.3,0.0,WLWWW,20.0,7,2025-05-14,Royal Town,L,0-1,2025-05-13,Central Albion,L,0-1,2025-05-12,East FC,W,1-0,Nantes,80.0,True,Ligue 1,38.53,2025-05-17,Montpellier,nan,Nantes,51.47
5.72,10.48,1.36,2.36,86.29,47.64,0.05,13.33,3.9,1.63,20.0,DWLLW,40.0,7,2025-05-14,Central United,L,0-1,2025-05-13,Metropolitan Town,D,1-1,2025-05-12,Central United,W,1-0,Montpellier,40.0,10.0,21,,,,,,,,,,,,,,,,,,,,,,,,,,,Nantes,,False,Ligue 1,51.47,2025-05-17,Nantes,nan,Montpellier,38.53
,,,,,,,,,,,,,,,,,,,,,,,,,,Brest,,10.0,22,6.27,9.67,1.91,2.65,80.19,57.71,0.1,12.79,5.6,1.87,20.0,DWWLW,20.0,7,2025-05-14,Central Athletic,D,1-1,2025-05-13,Central Wanderers,D,1-1,2025-05-12,North FC,W,1-0,Nice,60.0,True,Ligue 1,35.54,2025-05-17,Brest,nan,Nice,54.46
5.35,8.0,1.41,1.61,78.2,38.02,0.03,12.32,3.59,1.15,0.0,LLLWL,80.0,7,2025-05-14,Metropolitan FC,D,0-0,2025-05-13,East Town,L,0-1,2025-05-12,Royal City,D,0-0,Brest,20.0,10.0,22,,,,,,,,,,,,,,,,,,,,,,,,,,,Nice,,False,Ligue 1,54.46,2025-05-17,Nice,nan,Brest,35.54
,,,,,,,,,,,,,,,,,,,,,,,,,,Reims,,10.0,23,7.1,10.28,1.81,2.14,75.85,62.35,0.09,18.61,4.4,2.04,20.0,LDWWL,40.0,7,2025-05-14,Royal Athletic,D,1-1,2025-05-13,North Rovers,D,1-1,2025-05-12,North County,W,1-0,Lille,40.0,True,Ligue 1,41.35,2025-05-17,Reims,nan,Lille,48.65
5.88,9.07,1.52,2.26,85.14,46.1,0.11,12.53,4.73,1.68,0.0,WWLWL,40.0,7,2025-05-14,Royal Albion,D,1-1,2025-05-13,Central United,D,1-1,2025-05-12,East Athletic,W,1-0,Reims,60.0,10.0,23,,,,,,,,,,,,,,,,,,,,,,,,,,,Lille,,False,Ligue 1,48.65,2025-05-17,Lille,nan,Reims,41.35
,,,,,,,,,,,,,,,,,,,,,,,,,,Southampton,,10.0,24,8.11,13.51,2.21,2.65,90.0,56.63,0.15,14.65,4.94,2.2,0.0,WWWLL,40.0,7,2025-05-14,East Wanderers,D,1-1,2025-05-13,West County,D,1-1,2025-05-12,West Rovers,D,1-1,Everton,60.0,True,Premier League,39.32,2025-05-18,Southampton,nan,Everton,50.68
7.47,13.09,1.63,2.72,81.63,49.85,0.1,15.5,6.21,1.87,40.0,DWWDL,20.0,7,2025-05-14,South Rovers,D,1-1,2025-05-13,West City,D,1-1,2025-05-12,West Athletic,D,1-1,Southampton,40.0,10.0,24,,,,,,,,,,,,,,,,,,,,,,,,,,,Everton,,False,Premier League,50.68,2025-05-18,Everton,nan,Southampton,39.32
,,,,,,,,,,,,,,,,,,,,,,,,,,Nott'ham Forest,,10.0,25,6.64,10.26,2.45,2.83,90.0,65.32,0.16,15.88,6.36,2.32,20.0,DWWWW,0.0,7,2025-05-14,Royal County,D,1-1,2025-05-13,North Wanderers,D,1-1,2025-05-12,Central Albion,D,1-1,West Ham,80.0,True,Premier League,37.89,2025-05-18,Nott'ham Forest,nan,West Ham,52.11
4.68,9.18,1.11,1.61,73.99,46.82,0.02,10.02,3.1,1.27,0.0,LWLWW,40.0,7,2025-05-14,North City,L,0-1,2025-05-13,Central FC,L,0-1,2025-05-12,Metropolitan Rovers,D,0-0,Nott'ham Forest,60.0,10.0,25,,,,,,,,,,,,,,,,,,,,,,,,,,,West Ham,,False,Premier League,52.11,2025-05-18,West Ham,nan,Nott'ham Forest,37.89
,,,,,,,,,,,,,,,,,,,,,,,,,,Fulham,,10.0,26,5.01,9.37,1.51,1.62,65.0,47.19,0.05,15.68,5.04,1.33,0.0,WWLWL,40.0,7,2025-05-14,Royal Athletic,L,0-1,2025-05-13,Metropolitan County,L,0-1,2025-05-12,West County,W,1-0,Brentford,60.0,True,Premier League,39.61,2025-05-18,Fulham,nan,Brentford,50.39
8.68,12.91,2.24,2.57,87.46,50.03,0.16,17.4,5.53,2.38,40.0,WDLWD,20.0,7,2025-05-14,Metropolitan County,D,1-1,2025-05-13,East Town,D,1-1,2025-05-12,North United,D,1-1,Fulham,40.0,10.0,26,,,,,,,,,,,,,,,,,,,,,,,,,,,Brentford,,False,Premier League,50.39,2025-05-18,Brentford,nan,Fulham,39.61
,,,,,,,,,,,,,,,,,,,,,,,,,,Ipswich Town,,10.0,27,7.7,13.12,1.88,2.99,90.0,49.22,0.13,18.55,5.21,2.05,0.0,WWWLW,20.0,7,2025-05-14,East Albion,D,1-1,2025-05-13,Central Town,D,1-1,2025-05-12,East Wanderers,D,1-1,Leicester City,80.0,True,Premier League,34.08,2025-05-18,Ipswich Town,nan,Leicester City,55.92
6.17,10.61,1.89,2.61,82.45,44.42,0.1,12.42,4.1,1.54,0.0,LLLLL,100.0,7,2025-05-14,Royal Wanderers,D,1-1,2025-05-13,West United,D,1-1,2025-05-12,Royal City,D,1-1,Ipswich Town,0.0,10.0,27,,,,,,,,,,,,,,,,,,,,,,,,,,,Leicester City,,False,Premier League,55.92,2025-05-18,Leicester City,nan,Ipswich Town,34.08
,,,,,,,,,,,,,,,,,,,,,,,,,,Newcastle Utd,,10.0,28,5.37,10.5,1.36,2.11,81.92,39.62,0.04,11.81,3.91,1.34,20.0,LLLLD,80.0,7,2025-05-14,South Rangers,L,0-1,2025-05-13,North County,L,0-1,2025-05-12,North Albion,D,0-0,Arsenal,0.0,True,Premier League,41.64,2025-05-18,Newcastle Utd,nan,Arsenal,48.36
6.12,8.96,1.55,2.47,68.67,52.35,0.09,17.16,4.9,1.37,40.0,DLWLD,40.0,7,2025-05-14,North Albion,L,0-1,2025-05-13,East City,L,0-1,2025-05-12,Royal United,D,1-1,Newcastle Utd,20.0,10.0,28,,,,,,,,,,,,,,,,,,,,,,,,,,,Arsenal,,False,Premier League,48.36,2025-05-18,Arsenal,nan,Newcastle Utd,41.64
,,,,,,,,,,,,,,,,,,,,,,,,,,Leganés,,10.0,29,6.71,9.72,2.01,2.73,90.0,62.84,0.16,16.71,4.64,1.68,20.0,LLDWW,40.0,7,2025-05-14,West Wanderers,D,1-1,2025-05-13,Royal County,D,1-1,2025-05-12,West Albion,D,1-1,Las Palmas,40.0,True,La Liga,37.27,2025-05-18,Leganés,nan,Las Palmas,52.73
7.84,9.56,1.76,2.09,82.63,52.86,0.15,17.68,4.49,2.14,20.0,LWLLD,60.0,7,2025-05-14,South County,D,1-1,2025-05-13,East Rovers,D,1-1,2025-05-12,South County,D,1-1,Leganés,20.0,10.0,29,,,,,,,,,,,,,,,,,,,,,,,,,,,Las Palmas,,False,La Liga,52.73,2025-05-18,Las Palmas,nan,Leganés,37.27
,,,,,,,,,,,,,,,,,,,,,,,,,,Getafe,,10.0,30,7.5,13.87,1.78,2.78,90.0,52.36,0.15,19.46,6.6,1.78,20.0,LWWWD,20.0,7,2025-05-14,Central United,D,1-1,2025-05-13,Metropolitan FC,D,1-1,2025-05-12,Royal Athletic,D,1-1,Mallorca,60.0,True,La Liga,37.41,2025-05-18,Getafe,nan,Mallorca,52.59
5.13,9.16,1.62,2.77,86.01,45.95,0.09,14.43,4.28,1.55,20.0,LDLWL,60.0,7,2025-05-14,West Rangers,D,1-1,2025-05-13,East Rangers,D,1-1,2025-05-12,Metropolitan Albion,D,1-1,Getafe,20.0,10.0,30,,,,,,,,,,,,,,,,,,,,,,,,,,,Mallorca,,False,La Liga,52.59,2025-05-18,Mallorca,nan,Getafe,37.41
,,,,,,,,,,,,,,,,,,,,,,,,,,Athletic Club,,10.0,31,8.6,11.35,2.21,2.82,85.36,48.19,0.17,19.16,5.47,2.27,20.0,LDWWL,40.0,7,2025-05-14,South Town,D,1-1,2025-05-13,West Rovers,D,1-1,2025-05-12,North County,D,1-1,Valencia,40.0,True,La Liga,40.25,2025-05-18,Athletic Club,nan,Valencia,49.75
5.29,8.0,1.15,1.65,76.76,38.9,0.05,14.79,3.97,1.48,0.0,LWWWL,40.0,7,2025-05-14,West Rangers,D,0-0,2025-05-13,Metropolitan Wanderers,L,0-1,2025-05-12,Metropolitan United,W,1-0,Athletic Club,60.0,10.0,31,,,,,,,,,,,,,,,,,,,,,,,,,,,Valencia,,False,La Liga,49.75,2025-05-18,Valencia,nan,Athletic Club,40.25
,,,,,,,,,,,,,,,,,,,,,,,,,,Betis,,10.0,32,6.66,9.82,2.0,2.14,82.48,51.61,0.12,14.7,4.45,1.61,0.0,LLWWW,40.0,7,2025-05-14,East City,D,1-1,2025-05-13,North Wanderers,D,1-1,2025-05-12,West Town,D,1-1,Atlético Madrid,60.0,True,La Liga,36.25,2025-05-18,Betis,nan,Atlético Madrid,53.75
4.3,11.26,1.42,1.7,87.02,50.33,0.05,14.43,4.12,1.34,60.0,DLDDL,40.0,7,2025-05-14,West County,D,1-1,2025-05-13,West Rangers,L,0-1,2025-05-12,South City,D,0-0,Betis,0.0,10.0,32,,,,,,,,,,,,,,,,,,,,,,,,,,,Atlético Madrid,,False,La Liga,53.75,2025-05-18,Atlético Madrid,nan,Betis,36.25
,,,,,,,,,,,,,,,,,,,,,,,,,,Espanyol,,10.0,33,7.06,12.77,1.78,2.39,90.0,49.04,0.11,15.61,5.08,1.97,0.0,WLLWW,40.0,7,2025-05-14,South Albion,D,1-1,2025-05-13,South Rangers,D,1-1,2025-05-12,Central Athletic,D,1-1,Osasuna,60.0,True,La Liga,40.87,2025-05-18,Espanyol,nan,Osasuna,49.13
8.03,14.72,1.96,3.0,75.15,70.0,0.16,20.0,6.88,2.06,40.0,WWDDW,0.0,7,2025-05-14,Royal City,D,1-1,2025-05-13,Royal Albion,D,1-1,2025-05-12,East Albion,D,1-1,Espanyol,60.0,10.0,33,,,,,,,,,,,,,,,,,,,,,,,,,,,Osasuna,,False,La Liga,49.13,2025-05-18,Osasuna,nan,Espanyol,40.87
,,,,,,,,,,,,,,,,,,,,,,,,,,Villarreal,,10.0,34,8.33,12.22,2.53,2.64,81.83,51.72,0.14,19.65,6.03,1.78,0.0,WWWWW,0.0,7,2025-05-14,Central Athletic,D,1-1,2025-05-13,West City,D,1-1,2025-05-12,Metropolitan FC,D,1-1,Barcelona,100.0,True,La Liga,37.69,2025-05-18,Villarreal,nan,Barcelona,52.31
6.07,11.2,1.65,2.4,90.0,51.93,0.11,12.52,4.21,1.79,40.0,DLWWD,20.0,7,2025-05-14,Royal Athletic,D,1-1,2025-05-13,North Rovers,D,1-1,2025-05-12,Royal Town,D,1-1,Villarreal,40.0,10.0,34,,,,,,,,,,,,,,,,,,,,,,,,,,,Barcelona,,False,La Liga,52.31,2025-05-18,Barcelona,nan,Villarreal,37.69
,,,,,,,,,,,,,,,,,,,,,,,,,,Alavés,,10.0,35,7.23,12.42,2.56,2.91,90.0,48.85,0.16,18.6,5.49,2.0,0.0,LWWWL,40.0,7,2025-05-14,Metropolitan County,D,1-1,2025-05-13,North United,D,1-1,2025-05-12,Royal Town,D,1-1,Valladolid,60.0,True,La Liga,41.15,2025-05-18,Alavés,nan,Valladolid,48.85
3.64,8.0,1.17,1.86,83.59,42.91,0.02,11.32,3.88,1.4,20.0,WWWWD,0.0,7,2025-05-14,Metropolitan United,D,0-0,2025-05-13,North Rovers,D,0-0,2025-05-12,Central FC,D,0-0,Alavés,80.0,10.0,35,,,,,,,,,,,,,,,,,,,,,,,,,,,Valladolid,,False,La Liga,48.85,2025-05-18,Valladolid,nan,Alavés,41.15
,,,,,,,,,,,,,,,,,,,,,,,,,,Girona,,10.0,36,6.33,10.11,2.29,2.03,90.0,58.74,0.13,13.84,5.26,2.12,0.0,WLWWW,20.0,7,2025-05-14,East Athletic,D,1-1,2025-05-13,East United,D,1-1,2025-05-12,East Rovers,D,1-1,Real Sociedad,80.0,True,La Liga,40.53,2025-05-18,Girona,nan,Real Sociedad,49.47
7.77,13.96,2.26,2.55,88.38,54.46,0.13,14.67,6.49,1.96,0.0,WWWLW,20.0,7,2025-05-14,Royal County,D,1-1,2025-05-13,North County,D,1-1,2025-05-12,Central Rangers,D,1-1,Girona,80.0,10.0,36,,,,,,,,,,,,,,,,,,,,,,,,,,,Real Sociedad,,False,La Liga,49.47,2025-05-18,Real Sociedad,nan,Girona,40.53
,,,,,,,,,,,,,,,,,,,,,,,,,,Real Madrid,,10.0,37,5.44,10.03,2.01,2.73,76.42,51.57,0.14,13.23,6.58,1.63,20.0,WWDLW,20.0,7,2025-05-14,Metropolitan Town,D,1-1,2025-05-13,North City,D,1-1,2025-05-12,North County,D,1-1,Sevilla,60.0,True,La Liga,39.2,2025-05-18,Real Madrid,nan,Sevilla,50.8
7.41,11.98,2.16,2.22,90.0,58.72,0.14,15.41,5.0,2.07,0.0,WWLWL,40.0,7,2025-05-14,Central City,D,1-1,2025-05-13,Central Albion,D,1-1,2025-05-12,Royal Albion,D,1-1,Real Madrid,60.0,10.0,37,,,,,,,,,,,,,,,,,,,,,,,,,,,Sevilla,,False,La Liga,50.8,2025-05-18,Sevilla,nan,Real Madrid,39.2
,,,,,,,,,,,,,,,,,,,,,,,,,,Rayo Vallecano,,10.0,38,4.65,8.48,1.59,1.95,86.98,39.24,0.05,15.32,4.72,1.64,0.0,LWWLL,60.0,7,2025-05-14,East FC,D,1-1,2025-05-13,Royal Rovers,D,0-0,2025-05-12,Central Rovers,D,0-0,Celta Vigo,40.0,True,La Liga,40.88,2025-05-18,Rayo Vallecano,nan,Celta Vigo,49.12
8.15,11.88,2.42,2.56,88.98,45.0,0.14,17.05,6.14,2.18,40.0,WWWDD,0.0,7,2025-05-14,Royal Rovers,D,1-1,2025-05-13,East United,D,1-1,2025-05-12,North Wanderers,D,1-1,Rayo Vallecano,60.0,10.0,38,,,,,,,,,,,,,,,,,,,,,,,,,,,Celta Vigo,,False,La Liga,49.12,2025-05-18,Celta Vigo,nan,Rayo Vallecano,40.88
,,,,,,,,,,,,,,,,,,,,,,,,,,Atalanta,,10.0,39,6.78,9.35,1.31,2.4,82.38,42.33,0.1,15.76,4.84,1.56,0.0,LLLWL,80.0,7,2025-05-14,South County,D,1-1,2025-05-13,Central Rangers,D,1-1,2025-05-12,Royal Rangers,W,1-0,Genoa,20.0,True,Serie A,38.32,2025-05-18,Atalanta,nan,Genoa,51.68
5.93,9.95,2.22,2.31,69.4,63.61,0.1,14.58,5.69,1.79,20.0,LWDLL,60.0,7,2025-05-14,Central FC,D,1-1,2025-05-13,Metropolitan United,D,1-1,2025-05-12,East County,W,1-0,Atalanta,20.0,10.0,39,,,,,,,,,,,,,,,,,,,,,,,,,,,Genoa,,False,Serie A,51.68,2025-05-18,Genoa,nan,Atalanta,38.32
,,,,,,,,,,,,,,,,,,,,,,,,,,Udinese,,10.0,40,6.79,12.09,1.85,2.13,90.0,50.0,0.14,13.71,6.09,2.12,40.0,LDWWD,20.0,7,2025-05-14,Central County,D,1-1,2025-05-13,North Wanderers,D,1-1,2025-05-12,South Rovers,D,1-1,Juventus,40.0,True,Serie A,41.86,2025-05-18,Udinese,nan,Juventus,48.14
6.52,12.9,2.03,2.87,83.95,50.75,0.14,19.02,5.47,2.05,20.0,WDWLW,20.0,7,2025-05-14,South Wanderers,D,1-1,2025-05-13,East County,D,1-1,2025-05-12,South United,D,1-1,Udinese,60.0,10.0,40,,,,,,,,,,,,,,,,,,,,,,,,,,,Juventus,,False,Serie A,48.14,2025-05-18,Juventus,nan,Udinese,41.86
,,,,,,,,,,,,,,,,,,,,,,,,,,Bologna,,10.0,41,6.46,10.29,1.96,2.18,90.0,61.83,0.1,16.13,5.52,1.87,20.0,WLDWL,40.0,7,2025-05-14,North Town,D,1-1,2025-05-13,Central United,D,1-1,2025-05-12,South Athletic,D,1-1,Fiorentina,40.0,True,Serie A,40.09,2025-05-18,Bologna,nan,Fiorentina,49.91
5.58,12.92,1.64,2.2,90.0,53.24,0.12,13.78,5.04,2.04,0.0,LWLLW,60.0,7,2025-05-14,Royal Rovers,D,1-1,2025-05-13,West FC,D,1-1,2025-05-12,Royal FC,D,1-1,Bologna,40.0,10.0,41,,,,,,,,,,,,,,,,,,,,,,,,,,,Fiorentina,,False,Serie A,49.91,2025-05-18,Fiorentina,nan,Bologna,40.09
,,,,,,,,,,,,,,,,,,,,,,,,,,Napoli,,10.0,42,5.55,9.88,1.92,1.83,90.0,55.5,0.09,12.47,4.01,1.61,20.0,WDWWW,0.0,7,2025-05-14,Royal Rangers,L,0-1,2025-05-13,Central FC,D,1-1,2025-05-12,East United,W,1-0,Parma,80.0,True,Serie A,40.13,2025-05-18,Napoli,nan,Parma,49.87
5.53,12.33,1.81,2.67,90.0,51.48,0.11,13.48,4.54,1.75,20.0,WLWWD,20.0,7,2025-05-14,Metropolitan Rangers,D,1-1,2025-05-13,Central Rovers,D,1-1,2025-05-12,Central Athletic,W,1-0,Napoli,60.0,10.0,42,,,,,,,,,,,,,,,,,,,,,,,,,,,Parma,,False,Serie A,49.87,2025-05-18,Parma,nan,Napoli,40.13
,,,,,,,,,,,,,,,,,,,,,,,,,,Lazio,,10.0,43,5.77,12.86,1.97,2.25,82.06,57.98,0.07,16.75,5.41,1.58,60.0,WDLDD,20.0,7,2025-05-14,Central Rovers,D,1-1,2025-05-13,Central Rangers,L,0-1,2025-05-12,North Rangers,D,1-1,Inter,20.0,True,Serie A,42.83,2025-05-18,Lazio,nan,Inter,47.17
6.29,9.43,1.63,2.42,90.0,42.41,0.11,17.24,5.8,1.94,20.0,WWDLW,20.0,7,2025-05-14,Metropolitan Albion,D,1-1,2025-05-13,South FC,D,1-1,2025-05-12,North County,W,1-0,Lazio,60.0,10.0,43,,,,,,,,,,,,,,,,,,,,,,,,,,,Inter,,False,Serie A,47.17,2025-05-18,Inter,nan,Lazio,42.83
,,,,,,,,,,,,,,,,,,,,,,,,,,Torino,,10.0,44,5.85,11.2,1.99,2.19,70.54,45.08,0.1,14.46,5.19,1.4,20.0,LLWDL,60.0,7,2025-05-14,South City,L,0-1,2025-05-13,South FC,D,1-1,2025-05-12,Royal Albion,D,1-1,Lecce,20.0,True,Serie A,41.23,2025-05-18,Torino,nan,Lecce,48.77
8.77,10.94,2.37,2.3,89.6,48.22,0.16,16.98,5.35,1.86,0.0,WLLWL,60.0,7,2025-05-14,East Rovers,D,1-1,2025-05-13,North Albion,D,1-1,2025-05-12,North City,D,1-1,Torino,40.0,10.0,44,,,,,,,,,,,,,,,,,,,,,,,,,,,Lecce,,False,Serie A,48.77,2025-05-18,Lecce,nan,Torino,41.23
,,,,,,,,,,,,,,,,,,,,,,,,,,Venezia,,10.0,45,5.69,10.44,1.51,2.23,65.13,45.97,0.05,10.8,3.86,1.51,40.0,DLDLL,60.0,7,2025-05-14,North City,L,0-1,2025-05-13,Metropolitan Albion,L,0-1,2025-05-12,Metropolitan City,W,1-0,Cagliari,0.0,True,Serie A,45.5,2025-05-18,Venezia,nan,Cagliari,44.5
7.36,10.16,1.77,2.92,85.69,63.63,0.11,19.13,5.49,1.61,40.0,DWWDW,0.0,7,2025-05-14,Metropolitan Wanderers,D,1-1,2025-05-13,Central Albion,D,1-1,2025-05-12,West Wanderers,D,1-1,Venezia,60.0,10.0,45,,,,,,,,,,,,,,,,,,,,,,,,,,,Cagliari,,False,Serie A,44.5,2025-05-18,Cagliari,nan,Venezia,45.5
,,,,,,,,,,,,,,,,,,,,,,,,,,Empoli,,10.0,46,4.9,10.01,1.68,2.29,83.04,54.04,0.06,13.43,4.09,1.51,40.0,WLWDD,20.0,7,2025-05-14,East Rangers,D,1-1,2025-05-13,Royal Albion,D,1-1,2025-05-12,Metropolitan Rovers,W,1-0,Monza,40.0,True,Serie A,38.94,2025-05-18,Empoli,nan,Monza,51.06
8.02,12.26,2.4,2.4,77.99,65.23,0.12,13.63,6.66,2.32,40.0,DLDWW,20.0,7,2025-05-14,Central City,D,1-1,2025-05-13,West Athletic,D,1-1,2025-05-12,Royal Rangers,D,1-1,Empoli,40.0,10.0,46,,,,,,,,,,,,,,,,,,,,,,,,,,,Monza,,False,Serie A,51.06,2025-05-18,Monza,nan,Empoli,38.94
,,,,,,,,,,,,,,,,,,,,,,,,,,Como,,10.0,47,6.62,11.39,1.83,2.43,86.95,45.83,0.07,14.77,5.17,1.58,20.0,WWDLL,40.0,7,2025-05-14,West County,D,1-1,2025-05-13,East Athletic,D,1-1,2025-05-12,South City,D,1-1,Hellas Verona,40.0,True,Serie A,41.08,2025-05-18,Como,nan,Hellas Verona,48.92
6.72,13.58,2.25,2.65,90.0,56.71,0.12,13.96,6.15,2.15,40.0,WDWWD,0.0,7,2025-05-14,Central City,D,1-1,2025-05-13,South Rovers,D,1-1,2025-05-12,Metropolitan City,D,1-1,Como,60.0,10.0,47,,,,,,,,,,,,,,,,,,,,,,,,,,,Hellas Verona,,False,Serie A,48.92,2025-05-18,Hellas Verona,nan,Como,41.08
,,,,,,,,,,,,,,,,,,,,,,,,,,Milan,,10.0,48,4.16,8.07,1.3,2.01,68.37,52.79,0.05,12.29,3.36,1.6,20.0,WWWDL,20.0,7,2025-05-14,West Rovers,L,0-1,2025-05-13,Royal Athletic,L,0-1,2025-05-12,Central County,W,1-0,Roma,60.0,True,Serie A,40.43,2025-05-18,Milan,nan,Roma,49.57
6.66,9.61,1.67,2.5,90.0,51.46,0.09,13.73,5.39,1.45,20.0,WDWLW,20.0,7,2025-05-14,Metropolitan Town,D,1-1,2025-05-13,West County,D,1-1,2025-05-12,Royal FC,D,1-1,Milan,60.0,10.0,48,,,,,,,,,,,,,,,,,,,,,,,,,,,Roma,,False,Serie A,49.57,2025-05-18,Roma,nan,Milan,40.43
,,,,,,,,,,,,,,,,,,,,,,,,,,Liverpool,,10.0,49,4.12,8.16,1.21,1.57,78.47,48.22,0.03,10.23,4.07,1.18,20.0,WWDLW,20.0,7,2025-05-14,East Rangers,L,0-1,2025-05-13,West Rovers,D,0-0,2025-05-12,Metropolitan Albion,W,1-0,Brighton,60.0,True,Premier League,39.29,2025-05-19,Liverpool,nan,Brighton,50.71
5.73,9.93,2.07,2.83,75.31,50.04,0.17,15.8,4.88,1.96,20.0,WDLLW,40.0,7,2025-05-14,Central FC,D,1-1,2025-05-13,East Town,D,1-1,2025-05-12,South United,D,1-1,Liverpool,40.0,10.0,49,,,,,,,,,,,,,,,,,,,,,,,,,,,Brighton,,False,Premier League,50.71,2025-05-19,Brighton,nan,Liverpool,39.29
,,,,,,,,,,,,,,,,,,,,,,,,,,Bournemouth,,10.0,50,5.28,8.0,1.02,1.49,89.93,44.07,0.03,14.06,3.45,1.32,60.0,WLDDD,20.0,7,2025-05-14,West Wanderers,L,0-1,2025-05-13,North United,L,0-1,2025-05-12,Metropolitan Wanderers,D,0-0,Manchester City,20.0,True,Premier League,43.97,2025-05-20,Bournemouth,nan,Manchester City,46.03
6.56,12.61,2.48,2.92,84.71,65.16,0.15,14.06,5.17,2.17,20.0,DWWWW,0.0,7,2025-05-14,East Athletic,D,1-1,2025-05-13,Royal Athletic,D,1-1,2025-05-12,Central County,D,1-1,Bournemouth,80.0,10.0,50,,,,,,,,,,,,,,,,,,,,,,,,,,,Manchester City,,False,Premier League,46.03,2025-05-20,Manchester City,nan,Bournemouth,43.97
,,,,,,,,,,,,,,,,,,,,,,,,,,Wolves,,10.0,51,4.35,8.24,1.3,2.28,73.42,44.0,0.07,13.64,4.13,1.45,20.0,WWWDL,20.0,7,2025-05-14,Royal United,L,0-1,2025-05-13,West City,L,0-1,2025-05-12,Central County,W,1-0,Crystal Palace,60.0,True,Premier League,38.1,2025-05-20,Wolves,nan,Crystal Palace,51.9
6.73,10.12,1.95,2.51,72.42,51.53,0.09,17.15,5.06,1.48,0.0,LWLWL,60.0,7,2025-05-14,Royal United,D,1-1,2025-05-13,North Rangers,D,1-1,2025-05-12,Metropolitan United,D,1-1,Wolves,40.0,10.0,51,,,,,,,,,,,,,,,,,,,,,,,,,,,Crystal Palace,,False,Premier League,51.9,2025-05-20,Crystal Palace,nan,Wolves,38.1
